PDF Filename,Accident Classification,Date/Time of Accident,State,Primary Mineral Mined,Date,Time
March%204%202022%20-%20Preliminary%20Report.pdf,3. Date/Time of Accident,03/04/2022 10:58 AM,NV,"Construction Sand & Gravel Mining, N.E.C. a) Total b) Underground c) Open Pit/Quarry d) Mill/Prep Plant e) Other",03/04/2022,10:58 AM
2012MNM02prelim.pdf,"Fatal Injury Fall of Face, Rib, Pillar or Highwall   2",02/14/2012 04:30 PM,AL,COMMON SHALE MINING Mine Employees: 10 10,02/14/2012,04:30 PM
2013MNM09prelim.pdf,,06/13/2013 02:24PM,CA,CRUSHED & BROKEN STONE MININ | Mine Employees: 16 2 14,06/13/2013,02:24PM
November%2013%2C%202023%20-%20Preliminary%20Report%20-%20Wrens%20Plant.pdf,1. Accident Type,11/13/2023 1:15 PM,GA,Kaolin/Ball Clay Mining,11/13/2023,1:15 PM
2014MNM04prelim.pdf,,03/27/2014 09:00 AM,VA,Not found,03/27/2014,09:00 AM
Preliminary%20Report%20-%20Fatality%20%232%20-%20March%2014%2C%202018.pdf,U.S. Department of Labor,03/14/2018 01:05 PM,UT,CONSTRUCTION SAND & GRAVEL M Employees: 50 0 50 0 0,03/14/2018,01:05 PM
January%2027%2C%202023-Preliminary%20Report.pdf,6. Mine Information,01/27/2023 6:33 AM,GA,Kaolin,01/27/2023,6:33 AM
2014MNM10prelim.pdf,Fatal Injury Machinery,04/28/2014 11:30 AM,NV,"GOLD ORE MINING, N.E.C. Employees: 102 74 25 3",04/28/2014,11:30 AM
MSHA%20Fatal%20%2312-2019%20Preliminary%20Report.pdf,Northeast Aggregate Corporation,07/17/2019 11:55 AM,NY,12. Contractor Name,07/17/2019,11:55 AM
prelim12-mnm-2016.pdf,Fatal Injury Powered Haulage  09/08/2016 12,09/08/2016 01:50 PM,NC,CRUSHED & BROKEN GRANITE MINI Employees: 14 0 5 5 4,09/08/2016,01:50 PM
March%205%2C%202021%20Fatality%20-%20Preliminary%20Report.pdf,F - Fatal Injury 17 - Machinery   FAI-6840627-1,03/05/2021 10:30 AM,IL,"Construction Sand & Gravel Mining, N.E.C. a) Total b) Underground c) Open Pit/Quarry d) Mill/Prep Plant e) Other",03/05/2021,10:30 AM
2012MNM16prelim.pdf,Fatal Injury Powered Haulage   16,10/24/2012 10:10AM,KS,CRUSHED & BROKEN LIMESTONE M | Mine Employees 70 a 44 15,10/24/2012,10:10AM
prelim15-mnm-2016.pdf,"Fatal Injury Falling, Rolling or Sliding Rock /Materl   15",12/19/2016 04:52 AM,GA,COMMON SAND MINING Employees: 37 5 32,12/19/2016,04:52 AM
2011MNM03prelim.pdf,Fatal Injury Powered Haulage   3,02/24/2011 08:15 AM,UT,CONSTRUCTION SAND & GRAVEL M | Mine Employees: 8 0 8 0 0,02/24/2011,08:15 AM
prelim7-mnm-2017.pdf,Fatal Injury Powered Haulage   7,07/27/2017 08:45 PM,AZ,"COPPER ORE MINING, N.E.C. Employees: 662 0 372 287 3",07/27/2017,08:45 PM
October%2014%2C%202020%20Fatality%20-%20Preliminary%20Report.pdf,F - Fatal Injury 12 - Powered Haulage   FAI-6847628-1,10/14/2020 12:50 PM,SC,Crushed & Broken Granite Mining a) Total b) Underground c) Open Pit/Quarry d) Mill/Prep Plant e) Other,10/14/2020,12:50 PM
September%2012%2C%202023%20-%20Preliminary%20Report.pdf,12 - Powered Haulage  ,09/12/2023 02:00 PM,IN,"Crushed & Broken Limestone Mining, N.E.C.",09/12/2023,02:00 PM
July%2015%2C%202019%20Fatality%20-%20Preliminary%20Report.pdf,Fatal Injury Slip or Fall of Person  |07/20/2019 0013 25,07/15/2019 09:00 AM,KY,"CRUSHED, BROKEN LIMESTONE NEC Employees: 12 0 12",07/15/2019,09:00 AM
2013MNM04prelim.pdf,"Fatal Injury Falling, Rolling or Sliding Rock /Materi   4",04/04/2013 02:47 PM,AZ,"COPPER ORE MINING, N.E.C. Mine Employees: 898 0 260 500 138",04/04/2013,02:47 PM
July%2013%2C%202021%20Fatalty%20-%20Preliminary%20Report.pdf,Highwall,07/13/2021 12:38 PM,NV,"Lead-Zinc Ore Mining, N.E.C.",07/13/2021,12:38 PM
2010MNM24prelim.pdf,"Fatal Injury Falting, Rolling or Sliding Rock /Mater|   24",12/29/2010 02:00 PM,TX,DIMENSION SANDSTONE MINING Mine Employees: 6 6,12/29/2010,02:00 PM
2014MNM03prelim_0.pdf,"Fatal Injury Falling, Rolling or Sliding Rock /Mater|   3",02/28/2014 01:30 PM,NY,CONSTRUCTION SAND & GRAVEL M Employees: 9 0 8 1 0,02/28/2014,01:30 PM
January%2C%2026%202022%20-%20Preliminary%20Report.pdf,6. Mine Information,01/26/2022 7:45 AM,AR,Gravel Mining,01/26/2022,7:45 AM
Preliminary%20Report%20-%20Fatality%20%233%20-%20April%2012%2C%202018.pdf,3. Date/Time of Accident,04/12/2018 08:30 AM,LA,CONSTRUCTION SAND & GRAVEL M Employees: 7,04/12/2018,08:30 AM
prelim12-mnm-2015.pdf,Machinery  ,07/10/2015 01:30PM,OH,CONSTRUCTION SAND & GRAVEL M Employees: 6 0 0 3 3,07/10/2015,01:30PM
prelim7-mnm-2015.pdf,Powered Haulage  ,05/28/2015 10:00 AM,NV,"GOLD ORE MINING, N.E.C. Employees: 370 0 176 142 52",05/28/2015,10:00 AM
prelim15-mnm-2015.pdf,"Falling, Rolling or Sliding Rock /Materl  ",08/03/2015 06:40 AM,VA,Not found,08/03/2015,06:40 AM
2013MNM10prelim.pdf,4. Date/Time of Death,08/05/2013 02:26 PM,MA,CRUSHED & BROKEN LIMESTONE M |_ Mine Employees: 2 0 1 1 0,08/05/2013,02:26 PM
October%2019%2C%202020%20Fatality%20-%20Preliminary%20Report.pdf,F - Fatal Injury 17 - Machinery   FAI-6785462-1,10/19/2020 11:30 AM,CO,Crushed & Broken Sandstone Mining a) Total b) Underground c) Open Pit/Quarry d) Mill/Prep Plant e) Other,10/19/2020,11:30 AM
Jan-17-2023-Preliminary%20Report.pdf,6. Mine Information,01/17/2023 2:51 AM,CA,Hydraulic Cement,01/17/2023,2:51 AM
November%2013%2C%202023%20-%20Preliminary%20Report%20-%20Stillwater%20Mine.pdf,17 - Machinery  ,11/13/2023 1:20 AM,MT,Platinum Group Ore Mining,11/13/2023,1:20 AM
2010MNM11prelim.pdf,Fatal Injury Fall of Roof or Back,06/18/2010 08:00 AM,WA,"SILVER ORE MINING, N.E.C. Employees: 319 159 18 ys",06/18/2010,08:00 AM
prelim30-mnm-2014.pdf,Fatal Injury Machinery   30,05/13/2014 11:30 AM,AZ,CONSTRUCTION SAND & GRAVEL M Employees: 5 0 0 5 0,05/13/2014,11:30 AM
prelim6-mnm-2017.pdf,"Fatal Injury Falling, Rolling or Sliding Rock /Materl   6",07/20/2017 10:13 AM,GA,DIMENSION GRANITE MINING Employees: 9 0 9 0 0,07/20/2017,10:13 AM
June%2019%2C%202020%20Fatality%20-%20Preliminary%20Report.pdf,"F - Fatal Injury 05 - Falling, Rolling or Sliding   FAI-6787560-1",06/19/2020 2:15 PM,KS,"Crushed & Broken Limestone Mining, N.E.C. a) Total b) Underground c) Open Pit/Quarry d) Mill/Prep Plant e) Other",06/19/2020,2:15 PM
prelim1-mnm-2017.pdf,"Fatal Injury Fall of Face, Rib, Pillar or Highwall   1",01/25/2017 09:45 PM,IA,CRUSHED & BROKEN LIMESTONE M Employees: 61 24 25 42,01/25/2017,09:45 PM
2011MNM05prelim.pdf,Fatal Injury Fall of Roof or Back   5,04/25/2011 01:45 AM,OH,"Crushed, Broken Limestone NEC Mine Employees: 26 11 1 4",04/25/2011,01:45 AM
2011MNM11prelim.pdf,Fatal Injury Other Accident   11,10/28/2011 05:45 PM,NV,"GOLD ORE MINING, N.E.C. Mine Employees: 1119 0 480 349 290",10/28/2011,05:45 PM
2014mnm23prelim.pdf,Fatal Injury Powered Haulage  ,42/01/2014 10:30 AM,OH,"CRUSHED & BROKEN LIMESTONE Employees: 8 fe) ,) 5 4",42/01/2014,10:30 AM
November%2016%2C%202019%20Fatality%20-%20Preliminary%20Report_0.pdf,Mine Information,11/16/2019 12:37 PM,AR,Not found,11/16/2019,12:37 PM
Preliminary%20Report%20-%20Fatality%20%2313%20-%20December%2030%2C%202017.pdf,Fatal Injury Powered Haulage   13,12/30/2017 09:25 AM,CA,HYDRAULIC CEMENT Employees: 152 18 424 13,12/30/2017,09:25 AM
April%209%202023-Preliminary%20Report.pdf,1. Accident Type,04/09/2023 9:00 AM,TN,"Dimension Stone Mining, N.E.C.",04/09/2023,9:00 AM
2014MNM02prelim.pdf,Fatal Injury Slip or Fall of Person   (a,02/21/2014 09:15AM,AL,HYDRAULIC CEMENT Employees: 110 0 0 110 (0),02/21/2014,09:15AM
January%2028%202022%20-%20Preliminary%20Report%20-%20Morenci.pdf,F - Fatal Injury 12 - Powered Haulage   FAI--6856065-1,01/28/2022 9:09 AM,AZ,"Copper Ore Mining, N.E.C. a) Total b) Underground c) Open Pit/Quarry d) Mill/Prep Plant e) Other",01/28/2022,9:09 AM
2012MNM04prelim.pdf,"Fall of Face, Rib, Pillar or Highwall",03/20/2012 02:00 AM,MT,"GEMSTONES MINING, N.E.C.",03/20/2012,02:00 AM
prelim14-mnm-2016.pdf,Fatal Injury Slip or Fall of Person  14,09/15/2016 09:45 AM,NV,MAGNESITE MINING Employees: 110 0 12 83 15,09/15/2016,09:45 AM
2012MNM10prelim.pdf,Not found,07/26/2012 05:40 PM,MT,CONSTRUCTION SAND & GRAVEL M | Mine Employees: 4 0 4 0 0,07/26/2012,05:40 PM
prelim13-mnm-2016.pdf,Fatal Injury Machinery   13,09/21/2016 08:23 AM,VA,CRUSHED & BROKEN LIMESTONE M Employees: 12 0 7 4,09/21/2016,08:23 AM
2014MNM16prelim.pdf,Fatal Injury Powered Haulage   16,07/23/2014 09:00 AM,FL,Not found,07/23/2014,09:00 AM
prelim6-mnm-2016.pdf,Preliminary Report of Accident,05/10/2016 02:15 PM,TX,Employees:,05/10/2016,02:15 PM
August%2021%2C%202020%20Fatality%20-%20Preliminary%20Report.pdf,F - Fatal Injury 17 - Machinery   FAI-6838316-1,08/21/2020 7:45 AM,IA,"Crushed & Broken Limestone Mining, N.E.C. a) Total b) Underground c) Open Pit/Quarry d) Mill/Prep Plant e) Other",08/21/2020,7:45 AM
June%2020%2C%202022%20-%20Preliminary%20Report%20-%203M%20Little%20Rock.pdf,4. Date/Time of Death,06/20/2022 11:30 AM,AR,Crushed & Broken Granite Mining,06/20/2022,11:30 AM
September%2020%202024%20-%20Preliminary%20Report.pdf,F - Fatal Injury 18 - Slip or Fall of Person   FAI-FOOE1FA-1,09/20/2024 3:07 PM,TN,"Crushed & Broken Stone Mining, N.E.C.",09/20/2024,3:07 PM
November%2017%2C%202021%20-%20Preliminary%20Report_0.pdf,F - Fatal Injury 12 - Powered Haulage   FAI-6900510-1,11/17/2021 3:15 PM,NH,"Construction Sand & Gravel Mining, N.E.C. a) Total b) Underground c) Open Pit/Quarry d) Mill/Prep Plant e) Other",11/17/2021,3:15 PM
2011MNM08prelim.pdf,Fatal Injury Explosives and Breaking Agents   8,09/07/2011 06:50 AM,AK,"GOLD ORE MINING, N.E.C. Mine Employees: 214 62 77 75",09/07/2011,06:50 AM
Preliminary%20Report%20-%20Fatality%20%2311%20-%20October%2011%2C%202018.pdf,"Fatal Injury Falling, Rolling or Sliding Rock /Mater|   11",10/11/2018 01:55 PM,VA,DIMENSION GRANITE MINING Employees: 12 0 6 0 6,10/11/2018,01:55 PM
June%2022%2C%202023%20-%20Preliminary%20Report.pdf,F - Fatal Injury 17 - Machinery   FAI-6878447-1,06/22/2023 2:31 PM,CA,"Crushed & Broken Stone Mining, N.E.C. a) Total b) Underground c) Open Pit/Quarry d) Mill/Prep Plant e) Other",06/22/2023,2:31 PM
2010MNM17prelim.pdf,Fatal Injury Powered Haulage   17,10/07/2010 10:30 AM,KS,DIMENSION LIMESTONE MINING Mine Employees:. 2 2,10/07/2010,10:30 AM
September%2015%2C%202021%20Fatality%20-%20Preliminary%20Report.pdf,space,09/15/2021 9:12 AM,AZ,"Copper Ore Mining, N.E.C.",09/15/2021,9:12 AM
August%2015%2C%202019%20%20-%20Preliminary%20Report.pdf,F - Fatal Injury 01 - Electrical   16,08/15/2019 11:38 AM,LA,a) Total b) Underground c) Open Pit/Quarry d) Mill/Prep Plant e) Other,08/15/2019,11:38 AM
February%2027%2C%202020%20Fatality%20-%20Preliminary%20Report.pdf,F - Fatal Injury 09 - Handling Material   6835342-1,02/27/2020 1:45 PM,Not found,"Construction Sand & Gravel Mining, N.E.C. a) Total b) Underground c) Open Pit/Quarry d) Mill/Prep Plant e) Other",02/27/2020,1:45 PM
August%204%202022%20-%20Preliminary%20Report%20-%20Wooten%20Sand%20%20Gravel%20Mine.pdf,F - Fatal Injury 17 - Machinery   FAI-6890243-1,08/04/2022 3:50 PM,AR,"Construction Sand & Gravel Mining, N.E.C. a) Total b) Underground c) Open Pit/Quarry d) Mill/Prep Plant e) Other",08/04/2022,3:50 PM
June%201%2C%202023%20-%20Preliminary%20Report.pdf,17 - Machinery  ,06/01/2023 12:47 PM,LA,"Construction Sand & Gravel Mining, N.E.C.",06/01/2023,12:47 PM
2012MNM09prelim.pdf,,06/21/2012 11:21 AM,NY,CRUSHED & BROKEN LIMESTONE M 12 0 6 2 4,06/21/2012,11:21 AM
2013MNM02prelim.pdf,,01/21/2013 03:05 PM,NV,"LIME, N.E.C. Mine Employees: 128 0 64 34 30",01/21/2013,03:05 PM
December%2014%2C%202025%20-%20Preliminary%20Report%20Beck%20Street.pdf,F - Fatal Injury 17 - Machinery   FAI-6943854-1,12/14/2023 2:28 PM,UT,"Construction Sand & Gravel Mining, N.E.C. a) Total b) Underground c) Open Pit/Quarry d) Mill/Prep Plant e) Other",12/14/2023,2:28 PM
prelim14-mnm-2015.pdf,Machinery  ,08/03/2015 03:30 PM,NV,"GOLD ORE MINING, N.E.C. Employers: 95 89 0 0 6",08/03/2015,03:30 PM
prelim1-mnm-2015.pdf,"Falling, Rolling or Stiding Rock /Materl  ",01/08/2015 02:03 PM,CA,Not found,01/08/2015,02:03 PM
January%2023%2C%202023%20-%20Preliminary-Report.pdf,17 - Machinery  ,01/23/2023 12:48 PM,NV,"Gold Ore Mining, N.E.C.",01/23/2023,12:48 PM
July%2024%202020%20Fatality%20-%20Preliminary%20Report.pdf,F - Fatal Injury 17 - Machinery   FAI--6847521-1,07/24/2020 1:58 PM,GA,"Crushed & Broken Limestone Mining, N.E.C. a) Total b) Underground c) Open Pit/Quarry d) Mill/Prep Plant e) Other",07/24/2020,1:58 PM
prelim13-mnm-2015.pdf,Not found,08/03/2015 02:45 PM,ND,CONSTRUCTION SAND & GRAVEL M Employees: 6 0 6 0 0,08/03/2015,02:45 PM
2010MNM22prelim.pdf,Fatal Injury Powered Haulage   22,12/17/2010 07:30 PM,MD,CRUSHED & BROKEN LIMESTONE M | Mine Employees: 53 0 24 24 5,12/17/2010,07:30 PM
Preliminary%20Report%20-%20Fatality%20%235%20-April%2011%2C%202016.pdf,,04/11/2016 01:35 PM,AL,TITANIUM ORE MINING Employees: 113 0 38 75 0,04/11/2016,01:35 PM
January%2023%2C%202020%20Fatality%20-%20Preliminary%20Report_0.pdf,Lehigh Southwest Cement,01/23/2020 2:00 PM,CA,Hydraulic Cement,01/23/2020,2:00 PM
2014MNM11prelim.pdf,Fatal injury Powered Haulage   11,05/01/2014 04:48PM,NV,Not found,05/01/2014,04:48PM
prelim1112-mnm-2017.pdf,Fatal Injury Powered Haulage   11,10/31/2017 02:05 PM,IN,Employees: 380 0 308 35 37,10/31/2017,02:05 PM
2012MNM17prelim.pdf,5. Fatal Case No,11/01/2012 07:06PM,MT,COMMON SHALE MINING Mine Employees: 35 0 3 30 2,11/01/2012,07:06PM
Preliminary%20Report%20-%20Fatality%20%2313%20-%20October%2025%2C%202017.pdf,Fatal Injury Other Accident   13,10/25/2018 07:35 AM,NM,"COPPER, HEAP LEACHING Employees: 1058 300 400 358",10/25/2018,07:35 AM
Sept%2018%202024%20-%20Preliminary%20Report%20-%20American%20Asphalt%20-%20Chase%20Quarry.pdf,F - Fatal Injury 12 - Powered Haulage   FAI-6927497-1,09/18/2024 9:24 AM,PA,Crushed & Broken Sandstone Mining a) Total b) Underground c) Open Pit/Quarry d) Mill/Prep Plant e) Other,09/18/2024,9:24 AM
2013MNM08prelim.pdf,Powered Haulage  ,Not found,NV,"GOLD ORE MINING, N.E.C. Mine Employees 104 94 10",Not,found
2012MNM03prelim.pdf,Fatal Injury Slip or Fall of Person   3,02/22/2012 08:00 PM,FL,CRUSHED & BROKEN LIMESTONE M |_ Mine Employces: 102 402,02/22/2012,08:00 PM
Fatality%20%233%20-%20March%206%2C%202019%20-%20Preliminary%20Report.pdf,Fatal Injury Machinery,03/06/2019 11:32 AM,AZ,"COPPER ORE MINING, N.E.C. Employees: 365 144 204",03/06/2019,11:32 AM
June%2017%2C%202022%20-%20Preliminary%20Report.pdf,6. Mine Information,06/17/2022 1:11 PM,GA,Crushed & Broken Granite Mining,06/17/2022,1:11 PM
2011MNM16prelim.pdf,1. Accident Ty pe:,12/15/2011 12:45 PM,PA,CRUSHED & BROKEN STONE MININ,12/15/2011,12:45 PM
2014mnm24prelim.pdf,Powered Haulage  ,12/29/2014 03:02 PM,TX,"COMMON CLAYS MINING, N.E.C. Employees: 18 5 42 4",12/29/2014,03:02 PM
August%205%2C%202023%20-%20Preliminary%20Report%20-%20Superior%20Silica_0.pdf,18 - Slip or Fall of Person   FAI-6936105-1,08/05/2023 8:14 PM,TX,"Industrial Sand, N.E.C.",08/05/2023,8:14 PM
2011MNM02prelim.pdf,"Fatal Injury Falling, Rolling or Sliding Rock /Mater|   2",03/02/2011 04:51 PM,NC,PHOSPHATE ROCK MINING,03/02/2011,04:51 PM
March%2012%2C%202021%20Fatality%20-%20Preliminary%20Report.pdf,F - Fatal Injury 17 - Machinery   FAI-6490072-1,03/12/2021 11:53 AM,MO,Common Sand Mining a) Total b) Underground c) Open Pit/Quarry d) Mill/Prep Plant e) Other,03/12/2021,11:53 AM
2010MNM25prelim.pdf,Slip or Fall of Person  07/26/2012,12/09/2010 09:58 AM,TX,CRUSHED & BROKEN LIMESTONE Employees: 42 21 16 5,12/09/2010,09:58 AM
Sept%2009%202022%20-%20Preliminary%20Report%20-%20Barry%20Industrial%20Sand.pdf,Drowning,09/09/2022 6:00 PM,LA,"Construction Sand & Gravel Mining, N.E.C.",09/09/2022,6:00 PM
2013MNM11prelim.pdf,Fatal Injuy Powered Haulage   11,09/16/2013 09:25AM,MO,CRUSHED & BROKEN LIMESTONE M | Mine Employees: 13 11 >,09/16/2013,09:25AM
2013MNM05prelim.pdf,"Falting, Rolling or Sliding Rock /Mater!  ",04/16/2013 11:55 PM,LA,SALT MINING Mine Employees: 157 113 44,04/16/2013,11:55 PM
September%206%2C%202024%20-%20Preliminary%20Report%20-%20Bosket%20Mountain.pdf,F - Fatal Injury 12 - Powered Haulage   FAI-6927394-1,09/06/2024 3:11 PM,NY,"Dimension Stone Mining, N.E.C.",09/06/2024,3:11 PM
July%2026%202023%20-%20Preliminary%20Report%20-%20Lexington%20Quarry.pdf,12 - Powered Haulage   FAI-7035635-1,07/26/2023 2:45 PM,KY,"Crushed & Broken Limestone Mining, N.E.C.",07/26/2023,2:45 PM
2014MNM08prelim.pdf,Not found,04/24/2014 05:35 PM,LA,FIRE CLAY MINING Employees: 40 40,04/24/2014,05:35 PM
July%2026%2C%202021%20Fatality%20-%20Preliminary%20Report.pdf,F - Fatal Injury 18 - Slip or Fall of Person   FAI-6898696-1,07/26/2021 4:00 PM,AL,Hydraulic Cement a) Total b) Underground c) Open Pit/Quarry d) Mill/Prep Plant e) Other,07/26/2021,4:00 PM
May%2022%202023%20-%20Preliminary%20Report%20Huntington%20Plant.pdf,12 - Powered Haulage  ,05/22/2023 11:15 AM,MO,"Crushed & Broken Limestone Mining, N.E.C.",05/22/2023,11:15 AM
2010MNM10prelim.pdf,Slip or Fall of Person  ,06/12/2010 02:20 PM,CO,CRUSHED & BROKEN SANDSTONE Employees: 45 4 38 3,06/12/2010,02:20 PM
September%2021%2C%202021%20Fatality%20-%20Preliminary%20Report.pdf,4. Date/Time of Death,09/21/2021 1:50 AM,NM,Gravel Mining a) Total b) Underground c) Open Pit/Quarry d) Mill/Prep Plant e) Other,09/21/2021,1:50 AM
2011MNM10prelim.pdf,Fatal Injury Slip or Fall of Person   10,09/23/2011 08:30 AM,NY,CONSTRUCTION SAND & GRAVEL M | Mine Employees: 6 6,09/23/2011,08:30 AM
2014mnm22prelim.pdf,Fatal Injury Powered Haulage  ,11/25/2014 01:15 PM,PA,CRUSHED & BROKEN SANDSTONE Employees: 15 0 7 5 3,11/25/2014,01:15 PM
September%201%2C%202020%20Fatality%20-%20Preliminary%20Report.pdf,6. Mine Information,09/01/2020 7:49 PM,TX,"Industrial Sand, N.E.C.",09/01/2020,7:49 PM
June%201%2C%202020%20Fatality%20-%20Preliminary%20Report.pdf,6. Mine Information,06/01/2020 1:05 PM,AZ,"Construction Sand & Gravel Mining, N.E.C.",06/01/2020,1:05 PM
Preliminary%20Report%20-%20Fatality%20%231%20-%20January%2025%2C%202018.pdf,Fatal Injury Powered Haulage   1,01/25/2018 05:00 AM,Not found,CONSTRUCTION SAND & GRAVEL M Employees: 15 0 15 0 0,01/25/2018,05:00 AM
Fatality%20%2310%20-%20June%2010%2C%202019%20-%20Preliminary%20Report.pdf,"Vulcan Construction Materials, LLC",06/10/2019 11:10 AM,TN,12. Contractor Name,06/10/2019,11:10 AM
Septempber%208%2C%202023%20-%20Preliminary%20Report%20-%20Sewickley%20Mine.pdf,12 - Powered Haulage  ,09/08/2023 10:25 AM,PA,"Crushed & Broken Limestone Mining, N.E.C.",09/08/2023,10:25 AM
September%2028%202022%20-%20Preliminary%20Report%20-%20Spanish%20Springs.pdf,F - Fatal Injury 21 - Other Accident   FAI-6872878-1,09/28/2022 10:40 AM,NV,"Construction Sand & Gravel Mining, N.E.C. a) Total b) Underground c) Open Pit/Quarry d) Mill/Prep Plant e) Other",09/28/2022,10:40 AM
2011MNM04prelim.pdf,Fall of Roof or Back  04/15/2014,04/15/2011 05:35 PM,WA,Silver Ore Mine Employees: 270 180 0 4 49,04/15/2011,05:35 PM
2012MNM11prelim.pdf,5. Fatal Case No,08/31/2012 01:45PM,NV,"GOLD ORE MINING, N.E.C. Mine Employees: 138 114 24",08/31/2012,01:45PM
2014mnm17prelim.pdf,Fatal tnjury,Not found,MT,CONSTRUCTION SAND & GRAVEL M Employees: a 0 2 ft) 0,Not,found
February%208%2C%202021%20Fatality%20-%20Preliminary%20Report.pdf,F - Fatal Injury 12 - Powered Haulage   FAI--6490311-1,02/08/2021 1:15 PM,MO,"Crushed & Broken Limestone Mining, N.E.C. a) Total b) Underground c) Open Pit/Quarry d) Mill/Prep Plant e) Other",02/08/2021,1:15 PM
October%201%2C%202021%20Fatality%20-%20Preliminary%20Report_0.pdf,6. Mine Information,10/01/2021 9:15 AM,MN,"Construction Sand & Gravel Mining, N.E.C.",10/01/2021,9:15 AM
October%2020%2C%202021%20-%20Preliminary%20Report.pdf,F - Fatal Injury 17 - Machinery   FAI-6886164-1,10/20/2021 9:37 AM,TX,"Construction Sand & Gravel Mining, N.E.C. a) Total b) Underground c) Open Pit/Quarry d) Mill/Prep Plant e) Other",10/20/2021,9:37 AM
November%2023%2C%202020%20Fatality%20-%20Preliminary%20Report.pdf,F - Fatal Injury 01 - Electrical   FAI-6885246-1,11/23/2020 1:13 PM,LA,Barite/Barium Ore Mining a) Total b) Underground c) Open Pit/Quarry d) Mill/Prep Plant e) Other,11/23/2020,1:13 PM
Preliminary%20Report%20-%20Fatality%20%2316%20-%20November%2011%2C%202018.pdf,Preliminary Report of Accident,11/11/2018 02:15 PM,NV,"GOLD ORE MINING, N.E.C. Employees: 95 94 0 0 1",11/11/2018,02:15 PM
November%2008%2C%202020%20Fatality%20-%20Preliminary%20Report.pdf,Round Mountain Gold Corporation,11/08/2020 5:11 AM,NV,"Gold Ore Mining, N.E.C.",11/08/2020,5:11 AM
2012MNM05prelim.pdf,"Fatal Injury Falling, Rolling or Sliding Rock /Mater|  ",04/11/2012 02:50 PM,NC,CONSTRUCTION SAND & GRAVEL M | Mine Employees 15 9 2 4,04/11/2012,02:50 PM
January%207%2C%202022%20Fatality%20-%20Preliminary%20Report_0.pdf,1. Accident Type,01/07/2022 2:45 PM,PA,"Crushed & Broken Limestone Mining, N.E.C.",01/07/2022,2:45 PM
February%2029%2C%202020%20Fatality%20-%20Preliminary%20Report_0.pdf,6. Mine Information,02/29/2020 9:33 AM,LA,Common Sand Mining,02/29/2020,9:33 AM
January%202%2C%202024%20-%20Preliminary%20Report.pdf,F - Fatal Injury 12 - Powered Haulage   FAI-6938605-1,01/02/2024 4:46 AM,TX,"Crushed & Broken Stone Mining, N.E.C. a) Total b) Underground c) Open Pit/Quarry d) Mill/Prep Plant e) Other",01/02/2024,4:46 AM
2010MNM16prelim.pdf,Not found,10/10/2010 12:57 PM,OK,CRUSHED & BROKEN GRANITE MINI | Mine Employees: 24 14 3,10/10/2010,12:57 PM
August%2027%2C%202019%20Fatality-Preliminary%20Report.pdf,F - Fatal Injury 21 - Other Accident  ,08/27/2019 10:40 AM,TX,Crushed & Broken Sandstone Mining a) Total b) Underground c) Open Pit/Quarry d) Mill/Prep Plant e) Other,08/27/2019,10:40 AM
2013MNM22prelim.pdf,Fatal Injuy Other Accident (Drowning)  22,12/10/2013 02:45AM,KY,Not found,12/10/2013,02:45AM
Preliminary%20Report%20-%20Fatality%20%237-%20%20July%20%2031%2C%202018.pdf,Fatal Injury Powered Haulage   07,07/31/2018 07:00 AM,ND,CONSTRUCTION SAND & GRAVEL M Employees: 3 0 3 0 0,07/31/2018,07:00 AM
2010MNM23prelim.pdf,"Fatal Injury Falling, Rolling or Sliding Rock /Mater!   23",42/23/2010 12:08 PM,FL,CRUSHED & BROKEN LIMESTONE M | Mine Employees:,42/23/2010,12:08 PM
2014MNM09prelim_0.pdf,Fatal Injury Slip or Fall of Person   9,Not found,IA,CRUSHED & BROKEN LIMESTONE Employees: 27 18 9,Not,found
April%2013%2C%202024%20-%20Preliminary%20Report.pdf,F - Fatal Injury 21 - Other Accident   FAI-6460287-1,04/13/2024 10:32 AM,GA,Crushed & Broken Granite Mining a) Total b) Underground c) Open Pit/Quarry d) Mill/Prep Plant e) Other,04/13/2024,10:32 AM
December%2013%2C%202021%20-%20Preliminary%20Report%20Whitestone%20Mine%20%234.pdf,F - Fatal Injury 17 - Machinery   FAI-6915008-1,12/13/2021 8:45 AM,GA,Crushed & Broken Marble Mining a) Total b) Underground c) Open Pit/Quarry d) Mill/Prep Plant e) Other,12/13/2021,8:45 AM
November%205%2C%202019%20Fatality%20-%20Preliminary%20Report.pdf,ArcelorMittal Minorca Mine Inc,11/05/2019 9:35 AM,MN,"Iron Ore Mining, N.E.C.",11/05/2019,9:35 AM
2013MNM03prelim.pdf,Explosives and Breaking Agents  ,03/27/2013 02:42 PM,MO,CRUSHED & BROKEN LIMESTONE M | MineEmployees 45 26 18 {,03/27/2013,02:42 PM
2012MNM08prelim.pdf,Powered Haulage  ,05/28/2012 08:35 PM,NY,HYDRAULIC CEMENT Mine Employees 92 0 ) 92 0,05/28/2012,08:35 PM
June%207%2C%202021%20Fatality%20-%20Preliminary%20Report.pdf,. Accident Type,06/07/2021 8:07 AM,NM,"Construction Sand & Gravel Mining, N.E.C.",06/07/2021,8:07 AM
December%206%202022%20-%20Preliminary%20Report.pdf,F - Fatal Injury 12 - Powered Haulage   FAI-7028168-1,12/06/2022 1:30 PM,MO,"Lead-Zinc Ore Mining, N.E.C. a) Total b) Underground c) Open Pit/Quarry d) Mill/Prep Plant e) Other",12/06/2022,1:30 PM
June%2013%2C%202020%20Fatality%20-%20Preliminary%20Report_0.pdf,. Accident Type,06/13/2020 10:00 AM,AZ,"Construction Sand & Gravel Mining, N.E.C.",06/13/2020,10:00 AM
2011MNM01prelim.pdf,Fatal Injury Machinery   1,02/12/2011 07:03 AM,FL,PHOSPHATE ROCK MINING,02/12/2011,07:03 AM
Fatality%20%2311%20-%20June%2024%2C%202019%20-%20Preliminary%20Report.pdf,6. Mine Information,06/24/2019 3:20 PM,OK,12. Contractor Name,06/24/2019,3:20 PM
prelim-m23-2013.pdf,Fatal Injury Machinery   23,07/10/2013 03:00 PM,TN,CONSTRUCTION SAND & GRAVEL M Employees: 8 0 3 5 0,07/10/2013,03:00 PM
2014MNM05-06prelim.pdf,1. Accident Type:,04/11/2014 08:45 AM,MO,"LIME, N.E.C. Employees: 559 128 386 45",04/11/2014,08:45 AM
June%209%2C%202021%20Fatalities%20-%20Preliminary%20Report.pdf,F - Fatal Injury 12 - Powered Haulage   FAI-6855 110-2,06/09/2021 2:13 PM,MT,Platinum Group Ore Mining a) Total b) Underground c) Open Pit/Quarry d) Mill/Prep Plant e) Other,06/09/2021,2:13 PM
March%201%20-%20Preliminary%20Report%20-%20Swift%20Creek.pdf,F - Fatal Injury 17 - Machinery   FAI-6972786-1,03/01/2024 9:55 AM,FL,Phosphate Rock Mining a) Total b) Underground c) Open Pit/Quarry d) Mill/Prep Plant e) Other,03/01/2024,9:55 AM
August%2022%2C%202024%20-%20Preliminary%20Report%20-%20Onyx%20Sterling%20Pit.pdf,"F - Fatal Injury 06 - Fall of Face, Rib, Pillar or   FAI-FO11AFE-1",08/22/2024 7:59 AM,MA,"Crushed & Broken Limestone Mining, N.E.C. a) Total b) Underground c) Open Pit/Quarry d) Mill/Prep Plant e) Other",08/22/2024,7:59 AM
2011MNM15prelim.pdf,Fatal Injury Powered Haulage   15,12/08/2011 11:01 AM,MN,CRUSHED & BROKEN STONE MININ j Mine Employees: 3 3,12/08/2011,11:01 AM
May%2018%2C%202021%20Fatality%20-%20Preliminary%20Report.pdf,3. Date/Time of Accident,05/18/2021 4:51 PM,KY,Zinc Ore Mining,05/18/2021,4:51 PM
prelim8-mnm-2015.pdf,Fatal Injury Striking or Bumping  ,06/12/2015 07:30AM,NH,CONSTRUCTION SAND & GRAVEL M Employees: 6 0 3 0 3,06/12/2015,07:30AM
prelim6-mnm-2015_0.pdf,Machinery  ,03/23/2015 02:30 PM,PA,Not found,03/23/2015,02:30 PM
December%2013%2C%202021%20-%20Preliminary%20Report%20Liberty%20Ranch.pdf,3. Date/Time of Accident,12/13/2021 10:42 AM,LA,Common Sand Mining,12/13/2021,10:42 AM
2014MNM12prelim.pdf,Fatal Injury Powered Haulage }  12,05/09/2014 09:30PM,NM,CONSTRUCTION SAND & GRAVEL M Employees: 19 0 0 18 1,05/09/2014,09:30PM
2012MNM14prelim.pdf,Fatal Injury Machinery   14,09/26/2012 08:40 AM,CA,CONSTRUCTION SAND & GRAVELM | Mine Employees: 8 3 5,09/26/2012,08:40 AM
prelim25-mnm-2014_0.pdf,"Falling, Rolling or Sliding Rock /Mater!|   25",11/10/2014 08:30 AM,MS,Not found,11/10/2014,08:30 AM
july%2030%2C%202019%20Preliminary%20Report.pdf,F - Fatal Injury 12 - Powered Haulage   26,07/30/2019 2:00 PM,NY,"Construction Sand & Gravel Mining, N.E.C. a) Total b) Underground c) Open Pit/Quarry d) Mill/Prep Plant e) Other",07/30/2019,2:00 PM
June%2020%2C%202022%20-%20Preliminary%20Report%20-%20Kimballton.pdf,F - Fatal Injury 17 - Machinery   FAI-4126748-1,06/20/2022 3:40 PM,VA,"Crushed & Broken Limestone Mining, N.E.C. a) Total b) Underground c) Open Pit/Quarry d) Mill/Prep Plant e) Other",06/20/2022,3:40 PM
February%2014%202022%20-%20Preliminary%20Report.pdf,F - Fatal Injury 12 - Powered Haulage   FAI-6875415-1,02/14/2022 8:48 PM,NV,"Gold Ore Mining, N.E.C. a) Total b) Underground c) Open Pit/Quarry d) Mill/Prep Plant e) Other",02/14/2022,8:48 PM
prelim8-mnm-2017.pdf,Fatal Injury Powered Haulage  ,09/05/2017 11:17 AM,NC,CONSTRUCTION SAND & GRAVEL M Employees: 47 0 9 7 F,09/05/2017,11:17 AM
December%203%2C%202019%20Fatality%20-%20Preliminary%20Report.pdf,F - Fatal Injury 13 - Hoisting   23,12/03/2019 8:35 AM,SC,Hydraulic Cement a) Total b) Underground c) Open Pit/Quarry d) Mill/Prep Plant e) Other,12/03/2019,8:35 AM
2013MNM06prelim.pdf,Fatal Injury Powered Haulage   6,04/27/2013 10:20 AM,NM,GYPSUM MINING Mine Employees 13 42 1,04/27/2013,10:20 AM
May%2018%2C%202019%20Fatality%20-%20Preliminary%20Report.pdf,F - Fatal Injury 18 - Powered Haulage   8,05/18/2019 3:37 PM,NM,"Construction Sand & Gravel Mining, N.E.C. a) Total b) Underground c) Open Pit/Quarry d) Mill/Prep Plant e) Other",05/18/2019,3:37 PM
2013MNM12prelim.pdf,Not found,09/18/2013 01:08 PM,KY,CRUSHED & BROKEN LIMESTONE M |_ Mine Employees: 42 0 11 0 1,09/18/2013,01:08 PM
Feb.%2022%2C%202021%20Fatality%20-%20Preliminary%20Report.pdf,Not found,02/22/2021 3:36 PM,NV,"Lead-Zinc Ore Mining, N.E.C.",02/22/2021,3:36 PM
prelim9-mnm-2015.pdf,,06/30/2015 11:00AM,MA,Not found,06/30/2015,11:00AM
February%2025%2C%202021%20Fatality%20-%20Preliminary%20Report_0.pdf,Sierra Ready Mix,02/25/2021 10:53 AM,NV,"Industrial Sand, N.E.C.",02/25/2021,10:53 AM
March%2015%202023%20-%20Preliminary%20Report-Fort%20Pierce.pdf,. Accident Type,03/15/2023 1:15 PM,FL,Florida Rock Industries Inc,03/15/2023,1:15 PM
2012MNM06prelim.pdf,5. Fatal Case No,05/15/2012 02:40 PM,KY,CRUSHED & BROKEN LIMESTONE M | Mine Employees: 48 38 6 4,05/15/2012,02:40 PM
2012MNM12prelim.pdf,Fatal Injury Falling Material   12,08/17/2012 08:20 AM,FL,HYDRAULIC CEMENT Mine Employees: 430 109 4,08/17/2012,08:20 AM
2013MNM19prelim.pdf,3. Date/Time of Accident 4. Date/Time of Death 5. Fatal Case No,12/04/2013 02:44PM,KS,CRUSHED & BROKEN LIMESTONE M Mine Employees: 26 18 6 2,12/04/2013,02:44PM
March%2022%2C%202022%20-%20Preliminary%20Report.pdf,Drowning,03/22/2022 9:33 AM,MN,"Industrial Sand, N.E.C.",03/22/2022,9:33 AM
March%209%202023-Preliminary%20Report.pdf,F - Fatal Injury 12 - Powered Haulage   FAI-6934008-1,03/09/2023 1:55 PM,TX,"Crushed & Broken Limestone Mining, N.E.C. a) Total b) Underground c) Open Pit/Quarry d) Mill/Prep Plant e) Other",03/09/2023,1:55 PM
Fatality%20%234%20-%20May%209%2C%202018%20-%20Preliminary%20Report.pdf,Fatal Injury Ignition or Explosion of Gas or Dust   4,05/09/2018 06:15PM,AL,"LIME, N.E.C. Employees: 18 18",05/09/2018,06:15PM
2014MNM14prelim.pdf,ignition or Explosion of Gas or Dust  ,06/18/2014 12:38 PM,SC,Not found,06/18/2014,12:38 PM
February%206%2C%202023%20-%20Preliminary%20Report.pdf,6. Mine Information,02/06/2023 3:45 PM,AR,Crushed & Broken Sandstone Mining,02/06/2023,3:45 PM
November%205%2C%202022%20-%20Preliminary%20Report%20-%20Cemex%20Knoxville.pdf,Engulfment,11/05/2022 7:20 AM,TN,Hydraulic Cement,11/05/2022,7:20 AM
2011MNM07prelim.pdf,,08/09/2011 12:02 PM,MN,CONSTRUCTION SAND & GRAVEL M | Mine Employees: 2 1 4,08/09/2011,12:02 PM
June%2014%202024%20-%20Preliminary%20Report%20-%20Littlerock%20Quarry%20-%201.pdf,08 - Fire  ,06/14/2024 2:08 PM,CA,. Mine Location Information,06/14/2024,2:08 PM
November%2017%2C%202023%20-%20Preliminary%20Report.pdf,F - Fatal Injury 09 - Handling Material   FAI-6909931-1,11/17/2023 3:55 PM,IL,Dimension Limestone Mining a) Total b) Underground c) Open Pit/Quarry d) Mill/Prep Plant e) Other,11/17/2023,3:55 PM
September%2016%2C%202020%20Fatality%20-%20Preliminary%20Report.pdf,F - Fatal Injury 12 - Powered Haulage   FAI-4313135-1,09/16/2020 10:25 AM,NJ,"Construction Sand & Gravel Mining, N.E.C. a) Total b) Underground c) Open Pit/Quarry d) Mill/Prep Plant e) Other",09/16/2020,10:25 AM
2014mnm21prelim.pdf,5. Fatal Case No,11/18/2014 12:10PM,LA,ALUMINA MILLING Employees: 697 457 240,11/18/2014,12:10PM
October%201%2C%202022%20-%20Preliminary%20Report%20-%20RJ-Valente.pdf,F - Fatal Injury 17 - Machinery   FAI-6899651-1,10/01/2022 8:13 AM,NY,"Crushed & Broken Limestone Mining, N.E.C. a) Total b) Underground c) Open Pit/Quarry d) Mill/Prep Plant e) Other",10/01/2022,8:13 AM
January%2016%2C%202021%20Fatality%20-%20Preliminary%20Report.pdf,F - Fatal Injury 17 - Machinery   6828311-1,01/16/2021 8:00 PM,AK,"Lead-Zinc Ore Mining, N.E.C. a) Total b) Underground c) Open Pit/Quarry d) Mill/Prep Plant e) Other",01/16/2021,8:00 PM
2011MNM13prelim.pdf,13,11/07/2011 04:15PM,IA,Not found,11/07/2011,04:15PM
2010MNM18prelim.pdf,Fatal Injury Powered Haulage   18,10/16/2010 08:11 AM,KS,CRUSHED & BROKEN LIMESTONE M | Mine Employees: 8 0 4 4 0,10/16/2010,08:11 AM
December%2015%2C%202020%20Fatality%20-%20Preliminary%20Report_1.pdf,6. Mine Information,12/15/2020 10:30 AM,KY,Crushed & Broken Sandstone Mining,12/15/2020,10:30 AM
July%2017%2C%202023-Preliminary%20Report-Swapscott%20Quarry.pdf,17 - Machinery  ,07/17/2023 1:06 PM,MA,Crushed & Broken Traprock Mining,07/17/2023,1:06 PM
January%208%2C%202020Fatality%20-%20PreliminaryReport.pdf,F - Fatal Injury 18 - Slip or Fall of Person   FAI-6832749-01,01/08/2020 1:17 PM,IA,"Crushed & Broken Limestone Mining, N.E.C. a) Total b) Underground c) Open Pit/Quarry d) Mill/Prep Plant e) Other",01/08/2020,1:17 PM
May%208%202024%20-%20Preliminary%20Report%20-%20Flat%20Rock%20Plant.pdf,F - Fatal Injury 01 - Electrical   FAI-7019093-1,05/08/2024 11:21 AM,IN,"Crushed & Broken Limestone Mining, N.E.C. a) Total b) Underground c) Open Pit/Quarry d) Mill/Prep Plant e) Other",05/08/2024,11:21 AM
prelim9-mnm-2016.pdf,Fatal Injury Powered Haulage   9,06/27/2016 02:15 PM,AR,CRUSHED & BROKEN LIMESTONE M Employees: 12 6 5 1,06/27/2016,02:15 PM
December%203%202021%20-%20Preliminary%20Report.pdf,F - Fatal Injury 12 - Powered Haulage   FAI-6915440-1,12/03/2021 9:05 AM,FL,"Crushed & Broken Limestone Mining, N.E.C. a) Total b) Underground c) Open Pit/Quarry d) Mill/Prep Plant e) Other",12/03/2021,9:05 AM
August%2018%202020%20Fatality%20-%20Preliminary%20Report.pdf,F - Fatal Injury 05 - Machinery   FAI-6871921-1,08/18/2020 6:30 AM,CA,"Construction Sand & Gravel Mining, N.E.C. a) Total b) Underground c) Open Pit/Quarry d) Mill/Prep Plant e) Other",08/18/2020,6:30 AM
April%2015%2C%202024%20-%20Preliminary%20Report.pdf,F - Fatal Injury 12 - Powered Haulage   FAI-6947954-1,04/15/2024 12:01 PM,CO,Gravel Mining a) Total b) Underground c) Open Pit/Quarry d) Mill/Prep Plant e) Other,04/15/2024,12:01 PM
April%2022%2C%202021%20Fatality%20-%20Preliminary%20Report_1.pdf,F - Fatal Injury 12 - Powered Haulage   FAI--6487939-1,04/22/2021 4:15 PM,KS,"Construction Sand & Gravel Mining, N.E.C. a) Total b) Underground c) Open Pit/Quarry d) Mill/Prep Plant e) Other",04/22/2021,4:15 PM
2013MNM14prelim.pdf,Slip or Fal of Person  ,10/17/2013 09:41 AM,CA,HYDRAULIC CEMENT Mine Employees: 89 13 46 30,10/17/2013,09:41 AM
2014mnm19prelim.pdf,6. Mine Infermation :,09/26/2014 07:05 AM,LA,SALT MINING Employees:,09/26/2014,07:05 AM
MSHA%20Fatal%20%236-2019%20Preliminary%20Report.pdf,Fatal Injury Machinery   6,05/13/2019 11:30 AM,GA,DIMENSION GRANITE MINING Employees: 7 7,05/13/2019,11:30 AM
2010MNM20prelim.pdf,Fatal Injury Powered Haulage   20,11/13/2010 08:15 AM,TX,CONSTRUCTION SAND & GRAVEL M,11/13/2010,08:15 AM
Preliminary%20Report%20-%20Fatality%20%2315%20-%20November%203%2C%202018_0.pdf,Fatal Injury Powered Haulage   15,11/03/2018 01:45 AM,Not found,CRUSHED & BROKEN LIMESTONE M Employees: 85 0 44 At 0,11/03/2018,01:45 AM
August%205%2C%202023%20Fatality-Preliminary%20Report.pdf,4. Date/Time of Death,08/05/2023 9:32 AM,GA,Dimension Granite Mining a) Total b) Underground c) Open Pit/Quarry d) Mill/Prep Plant e) Other,08/05/2023,9:32 AM
September%2014%2C%202021%20-%20Preliminary%20Report_0.pdf,"F - Fatal Injury 05 - Falling, Rolling or Sliding   FAI-6852719-1",09/14/2021 1:00 PM,MT,"Miscellaneous Metal Ore Mining, N.E.C. a) Total b) Underground c) Open Pit/Quarry d) Mill/Prep Plant e) Other",09/14/2021,1:00 PM
February-25%2C%202023%20-%20Preliminary%20Report.pdf,1. Accident Type,02/25/2023 8:06 AM,FL,Drowning,02/25/2023,8:06 AM
Fatality%20%2317%20-%20June%2015%2C%202018%20-%20Preliminary%20Report_1.pdf,6. Mine Information,06/15/2018 9:22 AM,NM,12. Contractor Name,06/15/2018,9:22 AM
2010MNM15prelim.pdf,Fatal Injury Other Accident (Drowning)   15,08/14/2010 11:50 AM,OK,CONSTRUCTION SAND & GRAVELM | Mine Employees: 5 5,08/14/2010,11:50 AM
April%2011%202023%20-%20Preliminary%20Report%20-%20Galena%20Mine.pdf,"U.S. Silver-Idaho, Inc.",04/11/2023 10:40 AM,MT,"Silver Ore Mining, N.E.C.",04/11/2023,10:40 AM
prelim9-mnm-2017.pdf,Preliminary Report of Accident,Not found,AL,Employees: 169 149 20,Not,found
2013MNM21prelim.pdf,10:50 AM,12/13/2013 04:00 PM,GA,CONSTRUCTION SAND & GRAVEL M | Mine Employees: 7 0 3 3 1,12/13/2013,04:00 PM
prelim29-mnm-2014_0.pdf,6. Mine Information :,11/26/2014 11:15AM,IL,"INDUSTRIAL SAND, N.E.C. Employees: 147 20 92 35",11/26/2014,11:15AM
April%2019%2C%202021%20Fatality%20-%20Preliminary%20Report.pdf,6. Mine Information,04/19/2021 12:00 PM,TX,"Crushed & Broken Stone Mining, N.E.C.",04/19/2021,12:00 PM
2011MNM14prelim.pdf,,11/17/2011 11:00 PM,UT,"SILVER ORE MINING, N.E.C. Mine Employees: 270 163 107",11/17/2011,11:00 PM
April25-2022-PreliminaryReport-Columbus-QuarryLLC.pdf,U.S. Department of Labor,04/25/2022 4:00 PM,GA,Crushed & Broken Granite Mining a) Total b) Underground c) Open Pit/Quarry d) Mill/Prep Plant e) Other,04/25/2022,4:00 PM
prelim3-mnm-2017.pdf,Fatal Injury Powered Haulage   3,03/24/2017 08:30 PM,NM,CONSTRUCTION SAND & GRAVEL M Employees: 7 7,03/24/2017,08:30 PM
August%2026%2C%202020%20Fatality%20-%20Preliminary%20Report_1.pdf,F - Fatal Injury 17 - Machinery   FAI--6827990-1,08/26/2020 1:00 PM,OR,Crushed & Broken Basalt Mining a) Total b) Underground c) Open Pit/Quarry d) Mill/Prep Plant e) Other,08/26/2020,1:00 PM
prelim4-mnm-2017.pdf,Fatal Injury Powered Haulage   4,06/08/2017 08:00 AM,IL,CRUSHED & BROKEN LIMESTONE M Employees: 31 0 42 2 17,06/08/2017,08:00 AM
August%2024%2C%202023%20-%20Preliminary%20Report.pdf,17 - Machinery  ,08/24/2023 7:48 AM,MN,"Construction Sand & Gravel Mining, N.E.C.",08/24/2023,7:48 AM
July%2029%2C%202020%20Fatality%20-%20Preliminary%20Report.pdf,1. Accident Type,07/29/2020 10:08 AM,MO,Gravel Mining,07/29/2020,10:08 AM
August%2022%202024%20-%20Preliminary%20Report%20-%20Paguay%20Stone.pdf,Drowning,08/22/2024 8:30 PM,PA,Dimension Sandstone Mining,08/22/2024,8:30 PM
prelim5-mnm-2015_1.pdf,i),03/17/2015 03:55 PM,KS,COMMON SAND MINING Employees: 6 0 6 0 0,03/17/2015,03:55 PM
prelim11-mnm-2016.pdf,Preliminary Report of Accident,Not found,CO,Employees: 136 0 0 118 18,Not,found
April%209%2C%202016%20Fatality%20-%20Preliminary%20Report.pdf,Not found,Not found,AZ,Not found,Not,found
2014MNM13prelim.pdf,Fatal Injury Hoisting   13,06/02/2014 01:30 PM,Not found,"SILVER ORE MINING, N_E.C. Employees: 29 6 23",06/02/2014,01:30 PM
prelim16-mnm-2016.pdf,Fatal Injury Machinery,10/09/2016 03:10 PM,Not found,COMMON SAND MINING Employees: 2,10/09/2016,03:10 PM
June%208%202023%20-%20Preliminary%20Report.pdf,18 - Slip or Fall of Person  ,06/08/2023 4:05 PM,MA,"Construction Sand & Gravel Mining, N.E.C.",06/08/2023,4:05 PM
prelim3-mnm-2016.pdf,Fatal Injury Explosives and Breaking Agents   3,03/22/2016 06:45 PM,IA,CRUSHED & BROKEN LIMESTONE M Employees: 14 14,03/22/2016,06:45 PM
Fatality%20%235%20-%20June%2013%2C%202018%20-%20Preliminary%20Report.pdf,Fatal Injury Powered Haulage   5,06/13/2018 11:45 AM,TX,CONSTRUCTION SAND & GRAVEL M Employees: 17 17,06/13/2018,11:45 AM
2012MNM01prelim.pdf,Fatal Injury Powered Haulage   1,01/27/2012 04:46 PM,MD,HYDRAULIC CEMENT Mine Employees: 91 0 9 82 0,01/27/2012,04:46 PM
May%202%2C%202020%20Fatality%20-%20Preliminary%20Report.pdf,6. Mine Information,05/02/2020 9:01 AM,OH,"Construction Sand & Gravel Mining, N.E.C.",05/02/2020,9:01 AM
2014MNM07prelim.pdf,6. Mire Information :,04/17/2014 04:00 PM,KS,CONSTRUCTION SAND & GRAVEL M Employees: 5 0 4 0 F,04/17/2014,04:00 PM
July%2028%2C%202021%20Fatality%20-%20Preliminary%20Report.pdf,"F - Fatal Injury 05 - Falling, Rolling or Sliding   FAI-6915004-1",07/28/2021 10:00 AM,GA,"Dimension Stone Mining, N.E.C. a) Total b) Underground c) Open Pit/Quarry d) Mill/Prep Plant e) Other",07/28/2021,10:00 AM
December%2014%2C%202020%20Fatality%20-%20Preliminary%20Report.pdf,6. Mine Information,12/14/2020 2:30 AM,LA,Salt Mining,12/14/2020,2:30 AM
2010MNM12prelim.pdf,Fatal Injury Powered Haulage   12,06/20/2010 10:10 AM,AZ,"COPPER ORE MINING, N.E.C. Employees: 770 0 281 68 421",06/20/2010,10:10 AM
August%204%202024%20-%20Preliminary%20Report%20%28002%29.pdf,F - Fatal Injury 18 - Slip or Fall of Person   FAI-6933180-1,08/04/2024 2:55 PM,LA,Aluminum Ore-Bauxite Mining a) Total b) Underground c) Open Pit/Quarry d) Mill/Prep Plant e) Other,08/04/2024,2:55 PM
2014MNM01prelim_0.pdf,Not found,02/01/2014 05:50 PM,UT,"IRON ORE MINING, N.E.C. Employees: 123 115 8",02/01/2014,05:50 PM
prelim1-mnm-2016_0.pdf,"Falling, Rolling or Sliding Rock /Materl  ",02/26/2016 08:35 AM,MS,CONSTRUCTION SAND & GRAVEL M capes: 456 0 59 26 ral,02/26/2016,08:35 AM
July%2021%202022%20-%20Preliminary%20Report%20Giant%20Cement.pdf,6. Mine Information,07/21/2022 10:00 AM,SC,Hydraulic Cement,07/21/2022,10:00 AM
prelim11-mnm-2015.pdf,6. Mine Information :,05/18/2015 08:15 PM,MO,CRUSHED & BROKEN LIMESTONE M Employees: 454 0 44 129 8,05/18/2015,08:15 PM
prelim4-mnm-2015.pdf,Machinery  ,01/26/2015 10:26 AM,FL,Not found,01/26/2015,10:26 AM
Preliminary%20Report%20-%20Fatality%20%2314%20-%20October%2025%2C%202018.pdf,Fatal Injury Fall of Roof or Back   14,10/25/2018 05:50 PM,Not found,"GOLD ORE MINING, N.E.C. Employees: 83 75 0 0 8",10/25/2018,05:50 PM
2013MNM13prelim.pdf,,09/19/2013 02:00 PM,NY,Not found,09/19/2013,02:00 PM
prelim16-mnm-2015.pdf,Fatal Injury Machinery   16,12/15/2015 02:54 PM,IA,HYDRAULIC CEMENT Employees: 115 15 400,12/15/2015,02:54 PM
prelim3-mnm-2015.pdf,Fatal Injury Fall of Roof or Back   3,01/21/2015 10:20 PM,MO,LEAD ORE MINING Employees: 186 137 22 27,01/21/2015,10:20 PM
2013MNM1617prelim.pdf,Fatal Injuy Explosives and Breaking Agats   16,11/17/2013 07:00 AM,CO,"SILVER ORE MINING, N.E.C. Mine Employees: 103 64 36 3",11/17/2013,07:00 AM
January%2027%2C%202023%20-%20Preliminary%20Report%202.pdf,6. Mine Information,01/27/2023 6:33 AM,GA,Kaolin,01/27/2023,6:33 AM
December%206%2C%202021%20-%20Preliminary%20Report.pdf,F - Fatal Injury 21 - Other Accident Confined   FAI 6914020-1,12/06/2021 5:10 PM,FL,"Crushed & Broken Limestone Mining, N.E.C. a) Total b) Underground c) Open Pit/Quarry d) Mill/Prep Plant e) Other",12/06/2021,5:10 PM
Fatality%20%234%20-%20March%207%2C%202019%20-%20Preliminary%20Report.pdf,Fatal Injury Slip or Fall of Person   4,03/07/2019 03:30 AM,TX,CRUSHED & BROKEN LIMESTONE M Employees: 86 86,03/07/2019,03:30 AM
August%202%2C%202019%20Fatality%20-%20Preliminary%20Report.pdf,Â°,08/02/2019 12:02 PM,WY,12. Contractor Name,08/02/2019,12:02 PM
August%203%2C%202021%20Fatality%20-%20Preliminary%20Report.pdf,TXI Operations LP,08/03/2021 5:00 AM,TX,2. Accident Classification,08/03/2021,5:00 AM
Preliminary%20Report%20-%20Fatality%20%236%20-%20%20June%20%2023%2C%202018.pdf,Fatal Injury Non-Powered Haulage   6,06/23/2018 09:20 AM,TX,CONSTRUCTION SAND & GRAVEL M Employees: 79 79,06/23/2018,09:20 AM
prelim26-mnm-2014_0.pdf,Fatal Injury,06/17/2014 10:30 AM,TX,HYDRAULIC CEMENT Employees: 135 135,06/17/2014,10:30 AM
2013MNM07prelim.pdf,6. Mine Information :,05/17/2013 01:30AM,NM,MOLYBDENUM ORE MINING Mine Employees: 310 122 46 142,05/17/2013,01:30AM
August%209%202024%20-%20Preliminary%20Report%20-%20Maryneal%20Quarry%20and%20Mill.pdf,01 - Electrical  ,08/09/2024 2:27 PM,PA,"Crushed & Broken Limestone Mining, N.E.C.",08/09/2024,2:27 PM
August%2021%2C%202023-Preliminary%20Report.pdf,17 - Machinery  ,08/21/2023 7:10 PM,CO,"Construction Sand & Gravel Mining, N.E.C.",08/21/2023,7:10 PM
prelim17-mnm-2016.pdf,Fatal Injury Powered Haulage   17,12/21/2016 02:56 PM,WA,"GOLD ORE MINING, N.E.C. Employees: 110 64 0 0 46",12/21/2016,02:56 PM
May%2021%2C%202020%20Fatality%20-%20Preliminary%20Report_1.pdf,F - Fatal Injury 10 - Handtools   FAI--447 1998-1,05/21/2020 12:30 PM,IL,"Crushed & Broken Limestone Mining, N.E.C. a) Total b) Underground c) Open Pit/Quarry d) Mill/Prep Plant e) Other",05/21/2020,12:30 PM
prelim2-mnm-2016.pdf,6. Mine Information :,03/08/2016 11:06 PM,UT,CONSTRUCTION SAND & GRAVEL M Employees: 25 0 25 0 0,03/08/2016,11:06 PM
2013MNM18prelim.pdf,Fatal Injuy Electrical   18,11/18/2013 01:45PM,KY,CRUSHED & BROKEN LIMESTONE M | Mine Employees: 99 67 20 12,11/18/2013,01:45PM
prelim7-8-mnm-2016.pdf,Fatal Injury inundation,06/03/2016 12:00PM,LA,Empioyees: an FE 415,06/03/2016,12:00PM
2012MNM13prelim.pdf,Fatal Injury Slip or Fall of Person   13,09/22/2012 02:40 PM,AZ,"COPPER ORE MINING, N.E.C. Mine Employees: 314 0 48 65 201",09/22/2012,02:40 PM
prelim10-mnm-2016.pdf,"Fatal Injury Fall of Face, Rib, Pillar or Highwall   10",07/25/2016 08:45 AM,TN,CRUSHED & BROKEN LIMESTONE M Employees: 10 4 4 2,07/25/2016,08:45 AM
2014MNM15prelim.pdf,"4, Date/Time of Death",07/21/2014 03:50 PM,SC,CONSTRUCTION SAND & GRAVEL M Employees: 10 0 4 6 0,07/21/2014,03:50 PM
May%209%2C%202024%20-%20Preliminary%20Report.pdf,F - Fatal Injury 12 - Powered Haulage   FAI-6936960-1,05/09/2024 8:00 AM,TX,Common Shale Mining a) Total b) Underground c) Open Pit/Quarry d) Mill/Prep Plant e) Other,05/09/2024,8:00 AM
March%201%2C%202023%20-%20Preliminary-Report.pdf,17 - Machinery  ,03/01/2023 10:30 AM,KY,Crushed & Broken Sandstone Mining a) Total b) Underground c) Open Pit/Quarry d) Mill/Prep Plant e) Other,03/01/2023,10:30 AM
2012MNM07prelim.pdf,Fatal Injury Machinery ,05/23/2012 12:15PM,OK,CONSTRUCTION SAND & GRAVELM 15 14 1,05/23/2012,12:15PM
prelim27-mnm-2014_0.pdf,U.S. Department of Labor,06/14/2014 02:15PM,UT,GYPSUM MINING Employees: 23 2 15 6,06/14/2014,02:15PM
Preliminary%20Report%20-%20Fatality%20%239%20-%20August%2022%2C%202018.pdf,Fatal Injury Powered Haulage   9,08/22/2018 11:45PM,PA,CRUSHED & BROKEN TRAPROCK MI Employees: 30 0 4 18 8,08/22/2018,11:45PM
December%2016%2C%202022%20-%20Preliminary%20Report.pdf,"SP Silica of Atascosa, LLC",12/16/2022 4:29 PM,TX,"Industrial Sand, N.E.C.",12/16/2022,4:29 PM
2014mnm20prelim.pdf,Slip or Fall of Person  ,10/10/2014 11:18AM,PA,HYDRAULIC CEMENT Employees: 125 0 0 91 34,10/10/2014,11:18AM
2010MNM19prelim.pdf,,10/20/2010 10:20 PM,GA,FULLER'S EARTH MINING Mine Employees: 296 0 16 235 45,10/20/2010,10:20 PM
2011MNM12prelim.pdf,Powered Haulage,10/31/2011 02:20 PM,MT,PLATINUM GROUP ORE MINING Mine Employees: 940 834 106,10/31/2011,02:20 PM
prelim5-mnm-2017.pdf,U.S. Department of Labor,07/14/2017 08:25 AM,OR,DIATOMACEOUS EARTH Employees: 85 0 0 78 7,07/14/2017,08:25 AM
prelim10-mnm-2017.pdf,Fatal Injury Machinery   10,10/17/2017 10:08 AM,WA,CRUSHED & BROKEN STONE MININ Employees: 7 0 5 0 2,10/17/2017,10:08 AM
2011MNM06prelim.pdf,Slip or Fall of Person,06/04/2011 07:49 PM,AK,"GOLD ORE MINING, N.E.C. Mine Employees: 529 317 117 95",06/04/2011,07:49 PM
prelim2-mnm-2017.pdf,"Fatal Injury Falling,Rolling or Sliding Rock/Material   2",03/14/2017 05:30 AM,TX,CONSTRUCTION SAND & GRAVEL M Employees: 30 28 2,03/14/2017,05:30 AM
Preliminary%20Report%20-%20Fatality%20%2312%20-%20October%2019%2C%202018.pdf,Fatal Injury Powered Haulage   19,10/19/2018 03:00 PM,MT,"DIMENSION STONE MINING, N.E.C. Employees: 11 0 14 0 0",10/19/2018,03:00 PM
prelim17-mnm-2015.pdf,U.S. Department of Labor,12/28/2015 02:30 PM,NV,"GOLD ORE MINING, N.E.C. Employees: 930 0 850 0 80",12/28/2015,02:30 PM
2013MNM15prelim.pdf,Fatal Injuy Powered Haulage   15,11/07/2013 10:15PM,GA,CRUSHED & BROKEN GRANITE MINI | Mine Employees: 25 25,11/07/2013,10:15PM
prelim2-mnm-2015.pdf,Fatal Injury Hoisting   2,01/11/2015 12:16 PM,NV,Not found,01/11/2015,12:16 PM
July%209%2C%202020%20fatality%20-%20Preliminary%20Report.pdf,F - Fatal Injury 01 - Electrical   FAI-6847520-1,07/09/2020 8:59 AM,GA,"Construction Sand & Gravel Mining, N.E.C. a) Total b) Underground c) Open Pit/Quarry d) Mill/Prep Plant e) Other",07/09/2020,8:59 AM
prelim10-mnm-2015.pdf,10,07/15/2015 12:00 PM,GA,Not found,07/15/2015,12:00 PM
Preliminary%20Report%20-%20Fatality%20%2310%20-%20October%202%2C%202018.pdf,Preliminary Report of Accident,10/02/2018 12:33 PM,NY,"LEAD-ZINC ORE MINING, N.E.C. Employees: 161 102 0 59 0",10/02/2018,12:33 PM
January%2030%2C%202023-Preliminary%20Report.pdf,F - Fatal Injury 18 - Slip or Fall of Person   FAI-7041203-1,01/30/2023 5:19 PM,MO,"Crushed & Broken Limestone Mining, N.E.C. a) Total b) Underground c) Open Pit/Quarry d) Mill/Prep Plant e) Other",01/30/2023,5:19 PM
2014mnm18prelim.pdf,Fatal Injury Slip or Fall of Person   18,08/25/2014 03:15PM,NY,Not found,08/25/2014,03:15PM
2010MNM21prelim.pdf,"Fatal Injury Falling, Rolling or Sliding Rock /Mater|   21",11/30/2010 02:00 PM,WA,Not found,11/30/2010,02:00 PM
2010MNM1314prelim.pdf,6. Mine Information :,08/12/2010 01:13AM,NV,"GOLD ORE MINING, N.E.C, Employees: 647 638 9",08/12/2010,01:13AM
2013MNM01prelim.pdf,"6, Mine Information :",01/19/2013 11:30AM,KY,CRUSHED & BROKEN LIMESTONE M | Mine Empleyees: 83 0 32 27 24,01/19/2013,11:30AM
January%2019.%202021%20Fatality%20-%20Preliminary%20Report.pdf,. Accident Type,01/19/2021 1:00 PM,UT,"Construction Sand & Gravel Mining, N.E.C.",01/19/2021,1:00 PM
prelim28-mnm-2014_0.pdf,Fatal Injury,11/17/2014 05:50 AM,IN,CONSTRUCTION SAND & GRAVEL M Employees: 6 0 6 0 0,11/17/2014,05:50 AM
January%204%2C%202023%20-%20Preliminary%20Report.pdf,"Vulcan Construction Materials, LLC",01/04/2023 3:07 PM,TN,2. Accident Classification,01/04/2023,3:07 PM
October%207%202022%20-%20Preliminary%20Report%20-%20JR-Vinagro.pdf,Confined Space,10/07/2022 8:40 AM,NH,Crushed & Broken Granite Mining,10/07/2022,8:40 AM
August%2022%202024%20-%20Preliminary%20Report-APAC%20East%20Quarry.pdf,18 - Slip or Fall of Person  ,08/22/2024 3:45 PM,OK,"Crushed & Broken Limestone Mining, N.E.C.",08/22/2024,3:45 PM
May%202%2C%202023%20-%20Preliminary%20Report.pdf,. Accident Type,05/02/2023 12:44 PM,IA,"Construction Sand & Gravel Mining, N.E.C.",05/02/2023,12:44 PM
December%2014%202023-Preliminary%20Report%20Bison%20No.1.pdf,F - Fatal Injury 17 - Machinery   FAI-6932874-1,12/14/2023 7:34 AM,OK,"Crushed & Broken Limestone Mining, N.E.C. a) Total b) Underground c) Open Pit/Quarry d) Mill/Prep Plant e) Other",12/14/2023,7:34 AM
December%2014%202023-Preliminary%20Report%20Bison%20No.1.pdf,F - Fatal Injury 17 - Machinery 12/14/2023 7:34 AM 12/14/2023 7:34 AM FAI-6932874-1,12/14/2023 7:34 AM,OK,"Crushed & Broken Limestone Mining, N.E.C. a) Total b) Underground c) Open Pit/Quarry d) Mill/Prep Plant e) Other",12/14/2023,7:34 AM
December%2014%202023-Preliminary%20Report%20Bison%20No.1.pdf,F - Fatal Injury 17 - Machinery 12/14/2023 7:34 AM 12/14/2023 7:34 AM FAI-6932874-1,12/14/2023 7:34 AM,OK,"Crushed & Broken Limestone Mining, N.E.C. a) Total b) Underground c) Open Pit/Quarry d) Mill/Prep Plant e) Other",12/14/2023,7:34 AM
December%2014%202023-Preliminary%20Report%20Bison%20No.1.pdf,F - Fatal Injury 17 - Machinery 12/14/2023 7:34 AM 12/14/2023 7:34 AM FAI-6932874-1,12/14/2023 7:34 AM,OK,"Crushed & Broken Limestone Mining, N.E.C. a) Total b) Underground c) Open Pit/Quarry d) Mill/Prep Plant e) Other",12/14/2023,7:34 AM
